,,,,,
,BRANDS,CATEGORIES,SKIN CONCERNS,SKINCARE ROUTINE,SKIN TYPE
,ABIB,SKIN CONCERNS,ACNE,OIL CLEANSER,COMBINATION
,BEAUTY OF JOSEON,SKINCARE ROUTINE,ANTI-AGING/WRINKLES,FOAM  CLEANSER,DRY
,BENTON,SKIN TYPE,DRYNESS,ENZYME EXFOLIATOR,NORMAL
,COSRX,BABY CARE,OIL CONTROL,HYDRATING TONER,OILY
,FRUDIA,WESTERN CLASSICS,PIGMENTATION,EXFOLIATING TONER,SENSITIVE
,HARUHARU WONDER,HAIR CARE,REDNESS,SERUM,ACNE PRONE
,ISNTREE,SKINCARE DEVICES,SENSITIVE,AMPOULE,
,JUMISO,SKIN FINISH MAKEUP,BLACKHEADS,ESSENCE,
,KOSE,LIP CARE,UNEVEN SKIN TONE,MOISTURIZER,
,MARY&MAY, EYE CARE,WHITE HEADS,SUN PROTECTION,
,MISSHA,WOMEN'S MIDLIFE AND MENOPAUSE  SUPPLEMENTS ,DEHYDRATION,SHEET MASK,
,NEOGEN,SKINCARE SUPPLEMENTS,PORES,CLAY MASK,
,NINELESS,WELLNESS AND VITALITY SUPPLEMENTS ,,HYDRATING MIST,
,PYUNKANG YUL,MEN'S WELLNESS SUPPLEMENTS ,,FACE OIL,
,SOME BY MI,,,,
,THE PLANT BASE,,,,
,TIA'M,,,,
,TIRTIR,,,,
,BIODANCE,,,,